output_1,output_2
Ayers Rock vol,vol Ayers Rock
Ayers Rock hotel,hotel Ayers Rock
Uluru vol,vol Uluru
Uluru hotel,hotel Uluru
Sydney vol,vol Sydney
Sydney hotel,hotel Sydney
Melbourne vol,vol Melbourne
Melbourne hotel,hotel Melbourne
Grande Barrière de Corail vol,vol Grande Barrière de Corail
Grande Barrière de Corail hotel,hotel Grande Barrière de Corail
Tasmanie vol,vol Tasmanie
Tasmanie hotel,hotel Tasmanie
Victoria vol,vol Victoria
Victoria hotel,hotel Victoria
Brisbane vol,vol Brisbane
Brisbane hotel,hotel Brisbane
Darwin vol,vol Darwin
Darwin hotel,hotel Darwin
Perth vol,vol Perth
Perth hotel,hotel Perth
Canberra vol,vol Canberra
Canberra hotel,hotel Canberra
Adelaide vol,vol Adelaide
Adelaide hotel,hotel Adelaide
Cairns vol,vol Cairns
Cairns hotel,hotel Cairns
île Fraser vol,vol île Fraser
île Fraser hotel,hotel île Fraser
Byron Bay vol,vol Byron Bay
Byron Bay hotel,hotel Byron Bay
Gold Coast vol,vol Gold Coast
Gold Coast hotel,hotel Gold Coast
Queensland vol,vol Queensland
Queensland hotel,hotel Queensland
Bondi Beach vol,vol Bondi Beach
Bondi Beach hotel,hotel Bondi Beach
Blue Mountains vol,vol Blue Mountains
Blue Mountains hotel,hotel Blue Mountains
Nouvelle-Galles du Sud vol,vol Nouvelle-Galles du Sud
Nouvelle-Galles du Sud hotel,hotel Nouvelle-Galles du Sud
île Kangourou vol,vol île Kangourou
île Kangourou hotel,hotel île Kangourou
Bundaberg vol,vol Bundaberg
Bundaberg hotel,hotel Bundaberg
Townsville vol,vol Townsville
Townsville hotel,hotel Townsville
Airlie Beach vol,vol Airlie Beach
Airlie Beach hotel,hotel Airlie Beach
Noosa vol,vol Noosa
Noosa hotel,hotel Noosa
Surfers Paradise vol,vol Surfers Paradise
Surfers Paradise hotel,hotel Surfers Paradise
Norfolk Island vol,vol Norfolk Island
Norfolk Island hotel,hotel Norfolk Island
île Magnétique vol,vol île Magnétique
île Magnétique hotel,hotel île Magnétique
Phillip Island vol,vol Phillip Island
Phillip Island hotel,hotel Phillip Island
Australie-Occidentale vol,vol Australie-Occidentale
Australie-Occidentale hotel,hotel Australie-Occidentale
Ile Hamilton vol,vol Ile Hamilton
Ile Hamilton hotel,hotel Ile Hamilton
Esperance vol,vol Esperance
Esperance hotel,hotel Esperance
Sunshine Coast vol,vol Sunshine Coast
Sunshine Coast hotel,hotel Sunshine Coast
Port Arthur vol,vol Port Arthur
Port Arthur hotel,hotel Port Arthur
Australie-Méridionale vol,vol Australie-Méridionale
Australie-Méridionale hotel,hotel Australie-Méridionale
Wave Rock vol,vol Wave Rock
Wave Rock hotel,hotel Wave Rock
Territoire du Nord vol,vol Territoire du Nord
Territoire du Nord hotel,hotel Territoire du Nord
Hayman Island vol,vol Hayman Island
Hayman Island hotel,hotel Hayman Island
Ile Fitzroy vol,vol Ile Fitzroy
Ile Fitzroy hotel,hotel Ile Fitzroy
Jervis Bay vol,vol Jervis Bay
Jervis Bay hotel,hotel Jervis Bay
Mission Beach vol,vol Mission Beach
Mission Beach hotel,hotel Mission Beach
Récif de Ningaloo vol,vol Récif de Ningaloo
Récif de Ningaloo hotel,hotel Récif de Ningaloo
Outback vol,vol Outback
Outback hotel,hotel Outback
Hahndorf vol,vol Hahndorf
Hahndorf hotel,hotel Hahndorf
Kuranda vol,vol Kuranda
Kuranda hotel,hotel Kuranda
Rainbow Beach vol,vol Rainbow Beach
Rainbow Beach hotel,hotel Rainbow Beach
Rockhampton vol,vol Rockhampton
Rockhampton hotel,hotel Rockhampton
Launceston vol,vol Launceston
Launceston hotel,hotel Launceston
Coral Bay vol,vol Coral Bay
Coral Bay hotel,hotel Coral Bay
Margaret River vol,vol Margaret River
Margaret River hotel,hotel Margaret River
Ballarat vol,vol Ballarat
Ballarat hotel,hotel Ballarat
Barossa Valley vol,vol Barossa Valley
Barossa Valley hotel,hotel Barossa Valley
Bellingen vol,vol Bellingen
Bellingen hotel,hotel Bellingen
Hunter Valley vol,vol Hunter Valley
Hunter Valley hotel,hotel Hunter Valley
Toronto vol,vol Toronto
Toronto hotel,hotel Toronto
Vancouver vol,vol Vancouver
Vancouver hotel,hotel Vancouver
montreal vol,vol montreal
montreal hotel,hotel montreal
Quebec vol,vol Quebec
Quebec hotel,hotel Quebec
Niagara Falls vol,vol Niagara Falls
Niagara Falls hotel,hotel Niagara Falls
Ottawa vol,vol Ottawa
Ottawa hotel,hotel Ottawa
Terre-Neuve  vol,vol Terre-Neuve 
Terre-Neuve  hotel,hotel Terre-Neuve 
Calgary vol,vol Calgary
Calgary hotel,hotel Calgary
Nouvelle-Écosse vol,vol Nouvelle-Écosse
Nouvelle-Écosse hotel,hotel Nouvelle-Écosse
Île de Vancouver vol,vol Île de Vancouver
Île de Vancouver hotel,hotel Île de Vancouver
Colombie-Britannique vol,vol Colombie-Britannique
Colombie-Britannique hotel,hotel Colombie-Britannique
Ontario vol,vol Ontario
Ontario hotel,hotel Ontario
Yukon vol,vol Yukon
Yukon hotel,hotel Yukon
Île-du-Prince-Édouard vol,vol Île-du-Prince-Édouard
Île-du-Prince-Édouard hotel,hotel Île-du-Prince-Édouard
Lac Louise vol,vol Lac Louise
Lac Louise hotel,hotel Lac Louise
Whistler vol,vol Whistler
Whistler hotel,hotel Whistler
Parc national de Banff vol,vol Parc national de Banff
Parc national de Banff hotel,hotel Parc national de Banff
Alberta vol,vol Alberta
Alberta hotel,hotel Alberta
Manitoba vol,vol Manitoba
Manitoba hotel,hotel Manitoba
Saskatchewan vol,vol Saskatchewan
Saskatchewan hotel,hotel Saskatchewan
Lac Moraine vol,vol Lac Moraine
Lac Moraine hotel,hotel Lac Moraine
Nouveau-Brunswick vol,vol Nouveau-Brunswick
Nouveau-Brunswick hotel,hotel Nouveau-Brunswick
Tofino vol,vol Tofino
Tofino hotel,hotel Tofino
Nunavut vol,vol Nunavut
Nunavut hotel,hotel Nunavut
Kelowna vol,vol Kelowna
Kelowna hotel,hotel Kelowna
Kamloops vol,vol Kamloops
Kamloops hotel,hotel Kamloops
Saskatoon vol,vol Saskatoon
Saskatoon hotel,hotel Saskatoon
St. John's vol,vol St. John's
St. John's hotel,hotel St. John's
Vernon vol,vol Vernon
Vernon hotel,hotel Vernon
Lac Supérieur vol,vol Lac Supérieur
Lac Supérieur hotel,hotel Lac Supérieur
Lunenburg vol,vol Lunenburg
Lunenburg hotel,hotel Lunenburg
Gander vol,vol Gander
Gander hotel,hotel Gander
Revelstoke vol,vol Revelstoke
Revelstoke hotel,hotel Revelstoke
Maligne Lake vol,vol Maligne Lake
Maligne Lake hotel,hotel Maligne Lake
Winnipeg vol,vol Winnipeg
Winnipeg hotel,hotel Winnipeg
Whitehorse vol,vol Whitehorse
Whitehorse hotel,hotel Whitehorse
Squamish vol,vol Squamish
Squamish hotel,hotel Squamish
Charlottetown vol,vol Charlottetown
Charlottetown hotel,hotel Charlottetown
Iqaluit vol,vol Iqaluit
Iqaluit hotel,hotel Iqaluit
Lake Ontario vol,vol Lake Ontario
Lake Ontario hotel,hotel Lake Ontario
Mont-Tremblant vol,vol Mont-Tremblant
Mont-Tremblant hotel,hotel Mont-Tremblant
Niagara on the Lake vol,vol Niagara on the Lake
Niagara on the Lake hotel,hotel Niagara on the Lake
St. Johns vol,vol St. Johns
St. Johns hotel,hotel St. Johns
Ucluelet vol,vol Ucluelet
Ucluelet hotel,hotel Ucluelet
Columbia Icefield vol,vol Columbia Icefield
Columbia Icefield hotel,hotel Columbia Icefield
Haida Gwaii vol,vol Haida Gwaii
Haida Gwaii hotel,hotel Haida Gwaii
halifax nova scotia vol,vol halifax nova scotia
halifax nova scotia hotel,hotel halifax nova scotia
Johnston Canyon vol,vol Johnston Canyon
Johnston Canyon hotel,hotel Johnston Canyon
Merritt vol,vol Merritt
Merritt hotel,hotel Merritt
Moncton vol,vol Moncton
Moncton hotel,hotel Moncton
Île de Sable vol,vol Île de Sable
Île de Sable hotel,hotel Île de Sable
Thunder Bay vol,vol Thunder Bay
Thunder Bay hotel,hotel Thunder Bay
Fogo Island vol,vol Fogo Island
Fogo Island hotel,hotel Fogo Island
Grande Prairie vol,vol Grande Prairie
Grande Prairie hotel,hotel Grande Prairie
Sun Peaks vol,vol Sun Peaks
Sun Peaks hotel,hotel Sun Peaks
Whistler Mountain vol,vol Whistler Mountain
Whistler Mountain hotel,hotel Whistler Mountain
Whitefish vol,vol Whitefish
Whitefish hotel,hotel Whitefish
Windhoek vol,vol Windhoek
Windhoek hotel,hotel Windhoek
Swakopmund vol,vol Swakopmund
Swakopmund hotel,hotel Swakopmund
Lüderitz vol,vol Lüderitz
Lüderitz hotel,hotel Lüderitz
Sossusvlei vol,vol Sossusvlei
Sossusvlei hotel,hotel Sossusvlei
Parc national d'Etosha vol,vol Parc national d'Etosha
Parc national d'Etosha hotel,hotel Parc national d'Etosha
Springbok vol,vol Springbok
Springbok hotel,hotel Springbok
Walvis Bay vol,vol Walvis Bay
Walvis Bay hotel,hotel Walvis Bay
Mariental vol,vol Mariental
Mariental hotel,hotel Mariental
Caprivi vol,vol Caprivi
Caprivi hotel,hotel Caprivi
Damaraland vol,vol Damaraland
Damaraland hotel,hotel Damaraland
Kolmanskop vol,vol Kolmanskop
Kolmanskop hotel,hotel Kolmanskop
Spitzkoppe vol,vol Spitzkoppe
Spitzkoppe hotel,hotel Spitzkoppe
Twyfelfontein vol,vol Twyfelfontein
Twyfelfontein hotel,hotel Twyfelfontein
Dead Vlei vol,vol Dead Vlei
Dead Vlei hotel,hotel Dead Vlei
Grootfontein vol,vol Grootfontein
Grootfontein hotel,hotel Grootfontein
Otjiwarongo vol,vol Otjiwarongo
Otjiwarongo hotel,hotel Otjiwarongo
Brandberg vol,vol Brandberg
Brandberg hotel,hotel Brandberg
Omaruru vol,vol Omaruru
Omaruru hotel,hotel Omaruru
Côte des Squelettes vol,vol Côte des Squelettes
Côte des Squelettes hotel,hotel Côte des Squelettes
Cape Cross vol,vol Cape Cross
Cape Cross hotel,hotel Cape Cross
Sesriem vol,vol Sesriem
Sesriem hotel,hotel Sesriem
Auckland vol,vol Auckland
Auckland hotel,hotel Auckland
Wellington vol,vol Wellington
Wellington hotel,hotel Wellington
Canterbury vol,vol Canterbury
Canterbury hotel,hotel Canterbury
Christchurch vol,vol Christchurch
Christchurch hotel,hotel Christchurch
Queenstown vol,vol Queenstown
Queenstown hotel,hotel Queenstown
Milford Sound vol,vol Milford Sound
Milford Sound hotel,hotel Milford Sound
West Coast vol,vol West Coast
West Coast hotel,hotel West Coast
Dunedin vol,vol Dunedin
Dunedin hotel,hotel Dunedin
Rotorua vol,vol Rotorua
Rotorua hotel,hotel Rotorua
Wanaka vol,vol Wanaka
Wanaka hotel,hotel Wanaka
Napier vol,vol Napier
Napier hotel,hotel Napier
Kaikoura vol,vol Kaikoura
Kaikoura hotel,hotel Kaikoura
Bay of Islands vol,vol Bay of Islands
Bay of Islands hotel,hotel Bay of Islands
Taupo vol,vol Taupo
Taupo hotel,hotel Taupo
Îles Chatham vol,vol Îles Chatham
Îles Chatham hotel,hotel Îles Chatham
Cap Reinga vol,vol Cap Reinga
Cap Reinga hotel,hotel Cap Reinga
Southland vol,vol Southland
Southland hotel,hotel Southland
Wai-O-Tapu vol,vol Wai-O-Tapu
Wai-O-Tapu hotel,hotel Wai-O-Tapu
Marlborough vol,vol Marlborough
Marlborough hotel,hotel Marlborough
Glenorchy vol,vol Glenorchy
Glenorchy hotel,hotel Glenorchy
Taranaki vol,vol Taranaki
Taranaki hotel,hotel Taranaki
Picton vol,vol Picton
Picton hotel,hotel Picton
Matamata vol,vol Matamata
Matamata hotel,hotel Matamata
Akaroa vol,vol Akaroa
Akaroa hotel,hotel Akaroa
Waikato vol,vol Waikato
Waikato hotel,hotel Waikato
Orewa vol,vol Orewa
Orewa hotel,hotel Orewa
Kerikeri vol,vol Kerikeri
Kerikeri hotel,hotel Kerikeri
Hawke's Bay vol,vol Hawke's Bay
Hawke's Bay hotel,hotel Hawke's Bay
Bay of Plenty vol,vol Bay of Plenty
Bay of Plenty hotel,hotel Bay of Plenty
Îles Auckland vol,vol Îles Auckland
Îles Auckland hotel,hotel Îles Auckland
Greymouth vol,vol Greymouth
Greymouth hotel,hotel Greymouth
Ashburton vol,vol Ashburton
Ashburton hotel,hotel Ashburton
Ohakune vol,vol Ohakune
Ohakune hotel,hotel Ohakune
Le Cap vol,vol Le Cap
Le Cap hotel,hotel Le Cap
Johannesburg vol,vol Johannesburg
Johannesburg hotel,hotel Johannesburg
Durban vol,vol Durban
Durban hotel,hotel Durban
Pretoria vol,vol Pretoria
Pretoria hotel,hotel Pretoria
Port Elizabeth vol,vol Port Elizabeth
Port Elizabeth hotel,hotel Port Elizabeth
Stellenbosch vol,vol Stellenbosch
Stellenbosch hotel,hotel Stellenbosch
Garden Route vol,vol Garden Route
Garden Route hotel,hotel Garden Route
Parc national Kruger vol,vol Parc national Kruger
Parc national Kruger hotel,hotel Parc national Kruger
Knysna vol,vol Knysna
Knysna hotel,hotel Knysna
Drakensberg vol,vol Drakensberg
Drakensberg hotel,hotel Drakensberg
Soweto vol,vol Soweto
Soweto hotel,hotel Soweto
Oudtshoorn vol,vol Oudtshoorn
Oudtshoorn hotel,hotel Oudtshoorn
Mossell Bay vol,vol Mossell Bay
Mossell Bay hotel,hotel Mossell Bay
Camps Bay vol,vol Camps Bay
Camps Bay hotel,hotel Camps Bay
Bloemfontein vol,vol Bloemfontein
Bloemfontein hotel,hotel Bloemfontein
Jeffreys Bay vol,vol Jeffreys Bay
Jeffreys Bay hotel,hotel Jeffreys Bay
Franschhoek vol,vol Franschhoek
Franschhoek hotel,hotel Franschhoek
Gauteng vol,vol Gauteng
Gauteng hotel,hotel Gauteng
Limpopo vol,vol Limpopo
Limpopo hotel,hotel Limpopo
Karoo vol,vol Karoo
Karoo hotel,hotel Karoo
Mpumalanga vol,vol Mpumalanga
Mpumalanga hotel,hotel Mpumalanga
Western Cape vol,vol Western Cape
Western Cape hotel,hotel Western Cape
Mpulanga vol,vol Mpulanga
Mpulanga hotel,hotel Mpulanga
Hoedspruit vol,vol Hoedspruit
Hoedspruit hotel,hotel Hoedspruit
Hluhluwe vol,vol Hluhluwe
Hluhluwe hotel,hotel Hluhluwe
Maseru vol,vol Maseru
Maseru hotel,hotel Maseru
Sandton vol,vol Sandton
Sandton hotel,hotel Sandton
Nelspruit vol,vol Nelspruit
Nelspruit hotel,hotel Nelspruit
Mbabane vol,vol Mbabane
Mbabane hotel,hotel Mbabane
Lac Rose vol,vol Lac Rose
Lac Rose hotel,hotel Lac Rose
Langa vol,vol Langa
Langa hotel,hotel Langa
Zanzibar vol,vol Zanzibar
Zanzibar hotel,hotel Zanzibar
Serengeti vol,vol Serengeti
Serengeti hotel,hotel Serengeti
Dar es Salaam vol,vol Dar es Salaam
Dar es Salaam hotel,hotel Dar es Salaam
Arusha vol,vol Arusha
Arusha hotel,hotel Arusha
Lake Victoria vol,vol Lake Victoria
Lake Victoria hotel,hotel Lake Victoria
Prison Island vol,vol Prison Island
Prison Island hotel,hotel Prison Island
New York vol,vol New York
New York hotel,hotel New York
Hawaii vol,vol Hawaii
Hawaii hotel,hotel Hawaii
Los Angeles vol,vol Los Angeles
Los Angeles hotel,hotel Los Angeles
Chicago vol,vol Chicago
Chicago hotel,hotel Chicago
San Francisco vol,vol San Francisco
San Francisco hotel,hotel San Francisco
Las Vegas vol,vol Las Vegas
Las Vegas hotel,hotel Las Vegas
Alaska vol,vol Alaska
Alaska hotel,hotel Alaska
Floride vol,vol Floride
Floride hotel,hotel Floride
Californie vol,vol Californie
Californie hotel,hotel Californie
Miami vol,vol Miami
Miami hotel,hotel Miami
Atlanta vol,vol Atlanta
Atlanta hotel,hotel Atlanta
Grand Canyon vol,vol Grand Canyon
Grand Canyon hotel,hotel Grand Canyon
New York City vol,vol New York City
New York City hotel,hotel New York City
Pearl Harbor vol,vol Pearl Harbor
Pearl Harbor hotel,hotel Pearl Harbor
Philadelphie vol,vol Philadelphie
Philadelphie hotel,hotel Philadelphie
Seattle vol,vol Seattle
Seattle hotel,hotel Seattle
Texas vol,vol Texas
Texas hotel,hotel Texas
Arizona vol,vol Arizona
Arizona hotel,hotel Arizona
Detroit vol,vol Detroit
Detroit hotel,hotel Detroit
Nebraska vol,vol Nebraska
Nebraska hotel,hotel Nebraska
Nouvelle-Orléans vol,vol Nouvelle-Orléans
Nouvelle-Orléans hotel,hotel Nouvelle-Orléans
Route 66 vol,vol Route 66
Route 66 hotel,hotel Route 66
San Diego vol,vol San Diego
San Diego hotel,hotel San Diego
Caroline du Sud vol,vol Caroline du Sud
Caroline du Sud hotel,hotel Caroline du Sud
Washington D.C. vol,vol Washington D.C.
Washington D.C. hotel,hotel Washington D.C.
Milwaukee vol,vol Milwaukee
Milwaukee hotel,hotel Milwaukee
Boston vol,vol Boston
Boston hotel,hotel Boston
Alcatraz vol,vol Alcatraz
Alcatraz hotel,hotel Alcatraz
Denver vol,vol Denver
Denver hotel,hotel Denver
El Paso vol,vol El Paso
El Paso hotel,hotel El Paso
Montana vol,vol Montana
Montana hotel,hotel Montana
Portland vol,vol Portland
Portland hotel,hotel Portland
Santa Cruz vol,vol Santa Cruz
Santa Cruz hotel,hotel Santa Cruz
Washington vol,vol Washington
Washington hotel,hotel Washington
Alabama vol,vol Alabama
Alabama hotel,hotel Alabama
Baltimore vol,vol Baltimore
Baltimore hotel,hotel Baltimore
Charlotte NC vol,vol Charlotte NC
Charlotte NC hotel,hotel Charlotte NC
Colorado vol,vol Colorado
Colorado hotel,hotel Colorado
Dallas vol,vol Dallas
Dallas hotel,hotel Dallas
Georgia vol,vol Georgia
Georgia hotel,hotel Georgia
Honolulu vol,vol Honolulu
Honolulu hotel,hotel Honolulu
Minnesota vol,vol Minnesota
Minnesota hotel,hotel Minnesota
Mississippi vol,vol Mississippi
Mississippi hotel,hotel Mississippi
Nashville vol,vol Nashville
Nashville hotel,hotel Nashville
Nassau vol,vol Nassau
Nassau hotel,hotel Nassau
New Jersey vol,vol New Jersey
New Jersey hotel,hotel New Jersey
Nouveau Mexique vol,vol Nouveau Mexique
Nouveau Mexique hotel,hotel Nouveau Mexique
Caroline du Nord vol,vol Caroline du Nord
Caroline du Nord hotel,hotel Caroline du Nord
Orlando vol,vol Orlando
Orlando hotel,hotel Orlando
Pittsburgh vol,vol Pittsburgh
Pittsburgh hotel,hotel Pittsburgh
Vallée de la Mort vol,vol Vallée de la Mort
Vallée de la Mort hotel,hotel Vallée de la Mort
Houston vol,vol Houston
Houston hotel,hotel Houston
Kentucky vol,vol Kentucky
Kentucky hotel,hotel Kentucky
Ohio vol,vol Ohio
Ohio hotel,hotel Ohio
Oregon vol,vol Oregon
Oregon hotel,hotel Oregon
Rocky Mountains vol,vol Rocky Mountains
Rocky Mountains hotel,hotel Rocky Mountains
Albuquerque vol,vol Albuquerque
Albuquerque hotel,hotel Albuquerque
Antelope Canyon vol,vol Antelope Canyon
Antelope Canyon hotel,hotel Antelope Canyon
Austin vol,vol Austin
Austin hotel,hotel Austin
Charleston vol,vol Charleston
Charleston hotel,hotel Charleston
Cincinnati vol,vol Cincinnati
Cincinnati hotel,hotel Cincinnati
Columbus vol,vol Columbus
Columbus hotel,hotel Columbus
Key West vol,vol Key West
Key West hotel,hotel Key West
Lake Tahoe vol,vol Lake Tahoe
Lake Tahoe hotel,hotel Lake Tahoe
Louisiana vol,vol Louisiana
Louisiana hotel,hotel Louisiana
Massachusetts vol,vol Massachusetts
Massachusetts hotel,hotel Massachusetts
Maui vol,vol Maui
Maui hotel,hotel Maui
Michigan vol,vol Michigan
Michigan hotel,hotel Michigan
Monument Valley vol,vol Monument Valley
Monument Valley hotel,hotel Monument Valley
Pennsylvania vol,vol Pennsylvania
Pennsylvania hotel,hotel Pennsylvania
Tennessee vol,vol Tennessee
Tennessee hotel,hotel Tennessee
Tucson vol,vol Tucson
Tucson hotel,hotel Tucson
Utah vol,vol Utah
Utah hotel,hotel Utah
Virginia vol,vol Virginia
Virginia hotel,hotel Virginia
Wyoming vol,vol Wyoming
Wyoming hotel,hotel Wyoming
Cleveland vol,vol Cleveland
Cleveland hotel,hotel Cleveland
Kansas City vol,vol Kansas City
Kansas City hotel,hotel Kansas City
Long Island vol,vol Long Island
Long Island hotel,hotel Long Island
Nevada vol,vol Nevada
Nevada hotel,hotel Nevada
Oklahoma vol,vol Oklahoma
Oklahoma hotel,hotel Oklahoma
Palm Springs vol,vol Palm Springs
Palm Springs hotel,hotel Palm Springs
Salt Lake City vol,vol Salt Lake City
Salt Lake City hotel,hotel Salt Lake City
Santa Barbara vol,vol Santa Barbara
Santa Barbara hotel,hotel Santa Barbara
Savannah vol,vol Savannah
Savannah hotel,hotel Savannah
St. Louis vol,vol St. Louis
St. Louis hotel,hotel St. Louis
Vermont vol,vol Vermont
Vermont hotel,hotel Vermont
West Virginia vol,vol West Virginia
West Virginia hotel,hotel West Virginia
Wisconsin vol,vol Wisconsin
Wisconsin hotel,hotel Wisconsin
Yosemite National Park vol,vol Yosemite National Park
Yosemite National Park hotel,hotel Yosemite National Park
Phoenix AZ vol,vol Phoenix AZ
Phoenix AZ hotel,hotel Phoenix AZ
Connecticut vol,vol Connecticut
Connecticut hotel,hotel Connecticut
Everglades vol,vol Everglades
Everglades hotel,hotel Everglades
Fort Lauderdale vol,vol Fort Lauderdale
Fort Lauderdale hotel,hotel Fort Lauderdale
Illinois vol,vol Illinois
Illinois hotel,hotel Illinois
Indiana vol,vol Indiana
Indiana hotel,hotel Indiana
Kansas vol,vol Kansas
Kansas hotel,hotel Kansas
Maine vol,vol Maine
Maine hotel,hotel Maine
Maryland vol,vol Maryland
Maryland hotel,hotel Maryland
Memphis vol,vol Memphis
Memphis hotel,hotel Memphis
Minneapolis vol,vol Minneapolis
Minneapolis hotel,hotel Minneapolis
Missouri vol,vol Missouri
Missouri hotel,hotel Missouri
Monterey vol,vol Monterey
Monterey hotel,hotel Monterey
Oakland vol,vol Oakland
Oakland hotel,hotel Oakland
Oklahoma City vol,vol Oklahoma City
Oklahoma City hotel,hotel Oklahoma City
Raleigh vol,vol Raleigh
Raleigh hotel,hotel Raleigh
Sacramento vol,vol Sacramento
Sacramento hotel,hotel Sacramento
San Jose vol,vol San Jose
San Jose hotel,hotel San Jose
Santa Monica vol,vol Santa Monica
Santa Monica hotel,hotel Santa Monica
Sierra Nevada vol,vol Sierra Nevada
Sierra Nevada hotel,hotel Sierra Nevada
Nouvelle-Angleterre vol,vol Nouvelle-Angleterre
Nouvelle-Angleterre hotel,hotel Nouvelle-Angleterre
Anchorage vol,vol Anchorage
Anchorage hotel,hotel Anchorage
Atlantic City vol,vol Atlantic City
Atlantic City hotel,hotel Atlantic City
Cape Cod vol,vol Cape Cod
Cape Cod hotel,hotel Cape Cod
Forks vol,vol Forks
Forks hotel,hotel Forks
Fort Myers vol,vol Fort Myers
Fort Myers hotel,hotel Fort Myers
Idaho vol,vol Idaho
Idaho hotel,hotel Idaho
Indianapolis vol,vol Indianapolis
Indianapolis hotel,hotel Indianapolis
Iowa vol,vol Iowa
Iowa hotel,hotel Iowa
New Hampshire vol,vol New Hampshire
New Hampshire hotel,hotel New Hampshire
Newark vol,vol Newark
Newark hotel,hotel Newark
Portsmouth vol,vol Portsmouth
Portsmouth hotel,hotel Portsmouth
Rhode Island vol,vol Rhode Island
Rhode Island hotel,hotel Rhode Island
San Antonio vol,vol San Antonio
San Antonio hotel,hotel San Antonio
Santa Fe vol,vol Santa Fe
Santa Fe hotel,hotel Santa Fe
Parc national de Sequoia vol,vol Parc national de Sequoia
Parc national de Sequoia hotel,hotel Parc national de Sequoia
Tampa vol,vol Tampa
Tampa hotel,hotel Tampa
Parc national de Zion vol,vol Parc national de Zion
Parc national de Zion hotel,hotel Parc national de Zion
Waikiki vol,vol Waikiki
Waikiki hotel,hotel Waikiki
Arkansas vol,vol Arkansas
Arkansas hotel,hotel Arkansas
Cape Canaveral vol,vol Cape Canaveral
Cape Canaveral hotel,hotel Cape Canaveral
Cheyenne vol,vol Cheyenne
Cheyenne hotel,hotel Cheyenne
Florida Keys vol,vol Florida Keys
Florida Keys hotel,hotel Florida Keys
Pasadena vol,vol Pasadena
Pasadena hotel,hotel Pasadena
Roswell vol,vol Roswell
Roswell hotel,hotel Roswell
Parc national de Yellowstone vol,vol Parc national de Yellowstone
Parc national de Yellowstone hotel,hotel Parc national de Yellowstone
Anaheim vol,vol Anaheim
Anaheim hotel,hotel Anaheim
Appalaches vol,vol Appalaches
Appalaches hotel,hotel Appalaches
Delaware vol,vol Delaware
Delaware hotel,hotel Delaware
Jacksonville vol,vol Jacksonville
Jacksonville hotel,hotel Jacksonville
Parc national de Joshua Tree vol,vol Parc national de Joshua Tree
Parc national de Joshua Tree hotel,hotel Parc national de Joshua Tree
Kauai vol,vol Kauai
Kauai hotel,hotel Kauai
Long Beach vol,vol Long Beach
Long Beach hotel,hotel Long Beach
Madison vol,vol Madison
Madison hotel,hotel Madison
Dakota du nord vol,vol Dakota du nord
Dakota du nord hotel,hotel Dakota du nord
Dakota du sud vol,vol Dakota du sud
Dakota du sud hotel,hotel Dakota du sud
Virginia Beach vol,vol Virginia Beach
Virginia Beach hotel,hotel Virginia Beach
Bandera vol,vol Bandera
Bandera hotel,hotel Bandera
Baton Rouge vol,vol Baton Rouge
Baton Rouge hotel,hotel Baton Rouge
Big Sur vol,vol Big Sur
Big Sur hotel,hotel Big Sur
Daytona Beach vol,vol Daytona Beach
Daytona Beach hotel,hotel Daytona Beach
Green Bay vol,vol Green Bay
Green Bay hotel,hotel Green Bay
Montgomery vol,vol Montgomery
Montgomery hotel,hotel Montgomery
Oahu vol,vol Oahu
Oahu hotel,hotel Oahu
Omaha vol,vol Omaha
Omaha hotel,hotel Omaha
Providence vol,vol Providence
Providence hotel,hotel Providence
Richmond vol,vol Richmond
Richmond hotel,hotel Richmond
Arlington vol,vol Arlington
Arlington hotel,hotel Arlington
Augusta vol,vol Augusta
Augusta hotel,hotel Augusta
Chattanooga vol,vol Chattanooga
Chattanooga hotel,hotel Chattanooga
Clearwater vol,vol Clearwater
Clearwater hotel,hotel Clearwater
Fairbanks vol,vol Fairbanks
Fairbanks hotel,hotel Fairbanks
Jamestown vol,vol Jamestown
Jamestown hotel,hotel Jamestown
Désert des Mojaves vol,vol Désert des Mojaves
Désert des Mojaves hotel,hotel Désert des Mojaves
Myrtle Beach vol,vol Myrtle Beach
Myrtle Beach hotel,hotel Myrtle Beach
Tallahassee vol,vol Tallahassee
Tallahassee hotel,hotel Tallahassee
Colorado Springs vol,vol Colorado Springs
Colorado Springs hotel,hotel Colorado Springs
Ventura vol,vol Ventura
Ventura hotel,hotel Ventura
Ann Arbor vol,vol Ann Arbor
Ann Arbor hotel,hotel Ann Arbor
Parc national des Arches vol,vol Parc national des Arches
Parc national des Arches hotel,hotel Parc national des Arches
Parc national de Glacier vol,vol Parc national de Glacier
Parc national de Glacier hotel,hotel Parc national de Glacier
Juneau vol,vol Juneau
Juneau hotel,hotel Juneau
Louisville vol,vol Louisville
Louisville hotel,hotel Louisville
Mount Rushmore vol,vol Mount Rushmore
Mount Rushmore hotel,hotel Mount Rushmore
Napa Valley vol,vol Napa Valley
Napa Valley hotel,hotel Napa Valley
New Haven vol,vol New Haven
New Haven hotel,hotel New Haven
Rochester vol,vol Rochester
Rochester hotel,hotel Rochester
Sarasota vol,vol Sarasota
Sarasota hotel,hotel Sarasota
Syracuse vol,vol Syracuse
Syracuse hotel,hotel Syracuse
Tulsa vol,vol Tulsa
Tulsa hotel,hotel Tulsa
Durango vol,vol Durango
Durango hotel,hotel Durango
Knoxville vol,vol Knoxville
Knoxville hotel,hotel Knoxville
Lake Placid vol,vol Lake Placid
Lake Placid hotel,hotel Lake Placid
Pensacola vol,vol Pensacola
Pensacola hotel,hotel Pensacola
Pismo Beach vol,vol Pismo Beach
Pismo Beach hotel,hotel Pismo Beach
Parc national de Redwood vol,vol Parc national de Redwood
Parc national de Redwood hotel,hotel Parc national de Redwood
Sonoma vol,vol Sonoma
Sonoma hotel,hotel Sonoma
Spokane vol,vol Spokane
Spokane hotel,hotel Spokane
Tempe vol,vol Tempe
Tempe hotel,hotel Tempe
Williamsburg vol,vol Williamsburg
Williamsburg hotel,hotel Williamsburg
Yosemite Valley vol,vol Yosemite Valley
Yosemite Valley hotel,hotel Yosemite Valley
Parc national d'Acadia vol,vol Parc national d'Acadia
Parc national d'Acadia hotel,hotel Parc national d'Acadia
Fort Worth vol,vol Fort Worth
Fort Worth hotel,hotel Fort Worth
Parc national de Grand Teton vol,vol Parc national de Grand Teton
Parc national de Grand Teton hotel,hotel Parc national de Grand Teton
Scottsdale vol,vol Scottsdale
Scottsdale hotel,hotel Scottsdale
Wichita vol,vol Wichita
Wichita hotel,hotel Wichita
Parc national de Bryce Canyon vol,vol Parc national de Bryce Canyon
Parc national de Bryce Canyon hotel,hotel Parc national de Bryce Canyon
Parc national et réserve de Denali vol,vol Parc national et réserve de Denali
Parc national et réserve de Denali hotel,hotel Parc national et réserve de Denali
Little Rock vol,vol Little Rock
Little Rock hotel,hotel Little Rock
West Palm Beach vol,vol West Palm Beach
West Palm Beach hotel,hotel West Palm Beach
Yellowknife vol,vol Yellowknife
Yellowknife hotel,hotel Yellowknife
Asheville vol,vol Asheville
Asheville hotel,hotel Asheville
Buffalo NY vol,vol Buffalo NY
Buffalo NY hotel,hotel Buffalo NY
Jersey City vol,vol Jersey City
Jersey City hotel,hotel Jersey City
Lynchburg vol,vol Lynchburg
Lynchburg hotel,hotel Lynchburg
Old Faithful vol,vol Old Faithful
Old Faithful hotel,hotel Old Faithful
Pittsburg vol,vol Pittsburg
Pittsburg hotel,hotel Pittsburg
Sedona AZ vol,vol Sedona AZ
Sedona AZ hotel,hotel Sedona AZ
Parc national de Shenandoah vol,vol Parc national de Shenandoah
Parc national de Shenandoah hotel,hotel Parc national de Shenandoah
Stockton vol,vol Stockton
Stockton hotel,hotel Stockton
Vail vol,vol Vail
Vail hotel,hotel Vail
Black Canyon vol,vol Black Canyon
Black Canyon hotel,hotel Black Canyon
Jackson MS vol,vol Jackson MS
Jackson MS hotel,hotel Jackson MS
Kalamazoo vol,vol Kalamazoo
Kalamazoo hotel,hotel Kalamazoo
Kissimmee vol,vol Kissimmee
Kissimmee hotel,hotel Kissimmee
Laramie vol,vol Laramie
Laramie hotel,hotel Laramie
Lubbock vol,vol Lubbock
Lubbock hotel,hotel Lubbock
Monticello vol,vol Monticello
Monticello hotel,hotel Monticello
Mount Hood vol,vol Mount Hood
Mount Hood hotel,hotel Mount Hood
Mount Vernon vol,vol Mount Vernon
Mount Vernon hotel,hotel Mount Vernon
Mount Washington vol,vol Mount Washington
Mount Washington hotel,hotel Mount Washington
Santa Rosa vol,vol Santa Rosa
Santa Rosa hotel,hotel Santa Rosa
Sioux Falls vol,vol Sioux Falls
Sioux Falls hotel,hotel Sioux Falls
Spearfish vol,vol Spearfish
Spearfish hotel,hotel Spearfish
Sun Belt vol,vol Sun Belt
Sun Belt hotel,hotel Sun Belt
Parc national de Canyonlands vol,vol Parc national de Canyonlands
Parc national de Canyonlands hotel,hotel Parc national de Canyonlands
Parc national de Capitol Reef vol,vol Parc national de Capitol Reef
Parc national de Capitol Reef hotel,hotel Parc national de Capitol Reef
Rockies du Colorado vol,vol Rockies du Colorado
Rockies du Colorado hotel,hotel Rockies du Colorado
Glacier Point vol,vol Glacier Point
Glacier Point hotel,hotel Glacier Point
Kingman vol,vol Kingman
Kingman hotel,hotel Kingman
Lone Pine vol,vol Lone Pine
Lone Pine hotel,hotel Lone Pine
Parc national de Mesa Verde vol,vol Parc national de Mesa Verde
Parc national de Mesa Verde hotel,hotel Parc national de Mesa Verde
Natchez vol,vol Natchez
Natchez hotel,hotel Natchez
Olympia WA vol,vol Olympia WA
Olympia WA hotel,hotel Olympia WA
Nord-Ouest Pacifique vol,vol Nord-Ouest Pacifique
Nord-Ouest Pacifique hotel,hotel Nord-Ouest Pacifique
Port Angeles vol,vol Port Angeles
Port Angeles hotel,hotel Port Angeles
Ojai vol,vol Ojai
Ojai hotel,hotel Ojai
Californie du Sud vol,vol Californie du Sud
Californie du Sud hotel,hotel Californie du Sud
West Coast USA vol,vol West Coast USA
West Coast USA hotel,hotel West Coast USA
Lac Tekapo vol,vol Lac Tekapo
Lac Tekapo hotel,hotel Lac Tekapo
Pink Lake vol,vol Pink Lake
Pink Lake hotel,hotel Pink Lake
Karijini national park vol,vol Karijini national park
Karijini national park hotel,hotel Karijini national park
Parc national de Jasper vol,vol Parc national de Jasper
Parc national de Jasper hotel,hotel Parc national de Jasper
Parc national de Fiordland vol,vol Parc national de Fiordland
Parc national de Fiordland hotel,hotel Parc national de Fiordland
Parc national des lacs Nelson vol,vol Parc national des lacs Nelson
Parc national des lacs Nelson hotel,hotel Parc national des lacs Nelson
West Coast national park vol,vol West Coast national park
West Coast national park hotel,hotel West Coast national park
Parc national des Golden Gate Highlands vol,vol Parc national des Golden Gate Highlands
Parc national des Golden Gate Highlands hotel,hotel Parc national des Golden Gate Highlands
